/* TEST USER

USER - DJc5BKfsSq

PASS - Backwood420

LOCAL DB APP KEY - R1ESz0WxSsN7UlXTv2FRyTCyCZEOC0pO */

# ************************************************************
# Sequel Pro SQL dump
# Version 4541
#
# http://www.sequelpro.com/
# https://github.com/sequelpro/sequelpro
#
# Host: 127.0.0.1 (MySQL 5.7.19)
# Database: uvoid
# Generation Time: 2018-02-14 16:09:27 +0000
# ************************************************************


/*!40101 SET @OLD_CHARACTER_SET_CLIENT=@@CHARACTER_SET_CLIENT */;
/*!40101 SET @OLD_CHARACTER_SET_RESULTS=@@CHARACTER_SET_RESULTS */;
/*!40101 SET @OLD_COLLATION_CONNECTION=@@COLLATION_CONNECTION */;
/*!40101 SET NAMES utf8 */;
/*!40014 SET @OLD_FOREIGN_KEY_CHECKS=@@FOREIGN_KEY_CHECKS, FOREIGN_KEY_CHECKS=0 */;
/*!40101 SET @OLD_SQL_MODE=@@SQL_MODE, SQL_MODE='NO_AUTO_VALUE_ON_ZERO' */;
/*!40111 SET @OLD_SQL_NOTES=@@SQL_NOTES, SQL_NOTES=0 */;


# Dump of table accounts
# ------------------------------------------------------------

DROP TABLE IF EXISTS `accounts`;

CREATE TABLE `accounts` (
  `accountId` int(11) unsigned NOT NULL AUTO_INCREMENT,
  `username` varchar(256) DEFAULT NULL,
  `password` varchar(5000) DEFAULT NULL,
  `tokens` int(11) NOT NULL DEFAULT '0',
  PRIMARY KEY (`accountId`)
) ENGINE=InnoDB DEFAULT CHARSET=utf8;

LOCK TABLES `accounts` WRITE;
/*!40000 ALTER TABLE `accounts` DISABLE KEYS */;

INSERT INTO `accounts` (`accountId`, `username`, `password`, `tokens`)
VALUES
	(17,'e5d013c9e1','$2y$10$r0ncRu6QQT5sA2szer/WoeK55V6Y/6GtAmL2MgkB4BsD9jQmKhTYC',0),
	(18,'danstest','$2y$10$xAzBuW9K9Z1kvpRqN6ozeesfk2Pr9N480VoHDE.bQqiwOkdRHzWQ.',0),
	(19,'09xdaoTZtu','$2y$10$ktpx7g9Me5d.bR9JnqBY0.oJ7T7U5QqkmhOnW7Llf222gHaulMDr.',0),
	(21,'ZhyXqlQH4R','$2y$10$PCRnNl6/GkJg.NHlZVSyQObWef681SHAXODF770yQICJ6/s6Ut./e',0),
	(24,'DhrYaMGs46','$2y$10$F1ecG5C8.1D269p.ZcfXhOPa0AD6/P71Sz71JMvSmudvgfoejW3ra',0),
	(31,'cdGZhLqaF9','$2y$10$bWTCe1dGFWpI3FepAEt4luUOE2wcIS9Z0tTvBrySZf8HbMUUs..be',0),
	(32,'EmGon9e1R3','$2y$10$EcJgzqV0zaXCQstbTdWpCe8TW0HaxiWfrWWmji1h1CMEzGRNf3WAq',0),
	(33,'8bx1wj9kDp','$2y$10$5lj7w/VCUTxhzyTce1v3EeTqrg4q7I41KatHWgQKwfBPFWYpbk2L6',4),
	(34,'DJc5BKfsSq','$2y$10$dSKI.Pv8WJm4fEzA0BGXxesjEo0blv1.WloujQ.JLH7v7wN79QCEi',45),
	(36,'MI2Qs7H1xb','$2y$10$SCu8wRpQtl5wRRp4dR86OOadLcoTGvyWm.XlL/I6dk.ZhONspV7Xy',0),
	(37,'iO3r2Bhg4v','$2y$10$dNwao79M/JNMIfxf/UP8COxifJKMEvcQb7Sig.Yd6WGS9rxD.Rjqm',0),
	(38,'4wBDPW28Sz','$2y$10$sGrclkq5riC795.SWJsEEuPHLjOQQm9SRJKwoJ1.kg45lX33pejAW',0),
	(39,'mrc98t2fCl','$2y$10$qFf5A7wooiv3hlX3vR7O1ON7tN8SJWdQl/eBeW6FqdH6l0LTqF9zG',0),
	(40,'PhRAxgbHyS','$2y$10$DokngIhCZ9tGRx.qlUrVoOAM7zy2XgUXvY2cKO2FGOpDmTntRQAQ2',0),
	(41,'cVoHws6hFi','$2y$10$kHHsfNXWgsb1Ue1SspGUd.lzJAeXd.MkW0RyrqifyRTWt7slC/pyK',0),
	(42,'xLHg4Vkz5l','$2y$10$V67RqiyU/b2/tIDVBDhHROFJZd6FFeY76K0BLPghXbRL5w9ckQczy',0),
	(43,'oXLweWfSI1','$2y$10$eJtmOF1dNK7JbmN/n0yjQ.eCzZyW1cnlyog1AkKvEb6X3/WbRJEfm',0),
	(44,'WipLSxhkZ2','$2y$10$G0XuASQ2Hi4Yk/ZghD/3Wu2Vyg4Lwauji9aDAiULuEZ3v5Qoy8HH6',0),
	(45,'Q2NdRLuxPU','$2y$10$9Df3Jh9qJdscWVOyD0dzEeRY7kk3qEM4tHIxXvkDAjfJLfRznryxC',0),
	(46,'amLKJTXnei','$2y$10$SnZmqW9yx34t3uFcQm9ps.BI7j4KEAMY.iQUs.QV5QJynxmTfIBti',0),
	(47,'yad2O4lTRb','$2y$10$zDrL39MN6cJXV8qpUoN8qej6L2nqQr.L84zBtC3pkwu/qQSpIaIFW',0),
	(48,'tC7BTuWQy0','$2y$10$VSkM5Kpaf1nvbJjCyzwrCOORkBdvtBbnI0yORQjZ7xXRyaJgSIDXq',0),
	(49,'kJBFfVmwQI','$2y$10$MO/PFnG5A3uurwZocDQA/.8cyursHH.BQG1KO9/Htl3JT6keNucP6',0),
	(50,'2fojxJXWr7','$2y$10$spI./AuxNLreUqqFaBFp9udXWjUASEEvxc8riwnbQUAuTp9fME53i',0),
	(51,'bycAwYjtfk','$2y$10$eSMaIi09X1Cqjo9yt1lWTOAOmC/ByHLCQ7U3aJFV3sxRaOGVYAxwy',10);

/*!40000 ALTER TABLE `accounts` ENABLE KEYS */;
UNLOCK TABLES;


# Dump of table escrow
# ------------------------------------------------------------

DROP TABLE IF EXISTS `escrow`;

CREATE TABLE `escrow` (
  `id` int(11) unsigned NOT NULL AUTO_INCREMENT,
  `favourId` int(11) DEFAULT NULL,
  `buyerId` int(11) DEFAULT NULL,
  `timestamp` datetime NOT NULL DEFAULT CURRENT_TIMESTAMP,
  PRIMARY KEY (`id`)
) ENGINE=InnoDB DEFAULT CHARSET=latin1;

LOCK TABLES `escrow` WRITE;
/*!40000 ALTER TABLE `escrow` DISABLE KEYS */;

INSERT INTO `escrow` (`id`, `favourId`, `buyerId`, `timestamp`)
VALUES
	(1,205,34,'2018-02-07 21:37:21');

/*!40000 ALTER TABLE `escrow` ENABLE KEYS */;
UNLOCK TABLES;


# Dump of table favours
# ------------------------------------------------------------

DROP TABLE IF EXISTS `favours`;

CREATE TABLE `favours` (
  `favourId` int(11) NOT NULL AUTO_INCREMENT,
  `title` varchar(384) CHARACTER SET utf8 DEFAULT NULL,
  `body` varchar(1176) CHARACTER SET utf8 DEFAULT NULL,
  `accountId` int(11) NOT NULL,
  `tokens` int(11) NOT NULL DEFAULT '1',
  `redeemed` tinyint(1) DEFAULT '0',
  `timestamp` datetime NOT NULL DEFAULT CURRENT_TIMESTAMP,
  PRIMARY KEY (`favourId`)
) ENGINE=InnoDB DEFAULT CHARSET=latin1;

LOCK TABLES `favours` WRITE;
/*!40000 ALTER TABLE `favours` DISABLE KEYS */;

INSERT INTO `favours` (`favourId`, `title`, `body`, `accountId`, `tokens`, `redeemed`, `timestamp`)
VALUES
	(206,'eyJpdiI6ImJoVkc5bnFaTGtPVmJIZmFoRnpXYnc9PSIsInZhbHVlIjoiVU43NDVcL1wvRHZZNk5vd3RhZjVCZllcL0tkUGdrVk9NSEJrakQ0UHhFYitQMD0iLCJtYWMiOiJkZmM0ZmE3ZjI1ODU2MWY5Y2FkMjAwZTNiMDJlMmZkY2VjMDgzMzMwMWNjNmEzOGI3OGU1MzA4ZTNiMzk3MWZjIn0=','eyJpdiI6IlUxaWs1cGxBS3VaZGN2eG1VXC9tUktBPT0iLCJ2YWx1ZSI6IlZsOEhuTFpNZ2dtdUIrdE1BMHBoc3lTd0RiTDlWdktTTU5DXC9NWndLUDhUSlUyUEtXMEMxcnFxeTdFUFo3ZW1NIiwibWFjIjoiMDY2ZTRlZDJlNzA4OWFhZDkxNjc0YjExOWQ0MjEwZTU5ZmYwNTRhM2IxYjEwZmQ1MjA3ZDM2MmY4NDQ5ZmEzZiJ9',34,2,0,'2018-02-12 22:35:02'),
	(207,'eyJpdiI6IlZcL3pBUmVhNkpaRjZQcWRMZlFtZGVnPT0iLCJ2YWx1ZSI6IjN2S1BaM0FobDhKdDFKK09PZFJBVFE9PSIsIm1hYyI6IjdjMWEwODY0N2IyNGY4NWI4MjIwNWU0MWEwNmJjOGY4NGM3NjQ1ZTVkMTM5Y2VlNjVmYjIzMzNiNzBmYmVmNGQifQ==','eyJpdiI6IlNoNDh4Y3pncnNVTEJIMkhQV3hkRXc9PSIsInZhbHVlIjoiRm1cL2I0aUpwbE1TRlZrNHYyUkV2aHc9PSIsIm1hYyI6ImU0YzZkNWZiNmFmYTlmZTllYTU2ZjE4ZDJmOGFjNmM0NTE4MTgzYTc2MTQwYzk2ZDY4MTI1MjEwYzgxMWU0YzQifQ==',34,11,0,'2018-02-12 22:45:27');

/*!40000 ALTER TABLE `favours` ENABLE KEYS */;
UNLOCK TABLES;


# Dump of table messages
# ------------------------------------------------------------

DROP TABLE IF EXISTS `messages`;

CREATE TABLE `messages` (
  `messageId` int(11) unsigned NOT NULL AUTO_INCREMENT,
  `sender` int(11) NOT NULL DEFAULT '0',
  `recipient` int(11) NOT NULL DEFAULT '0',
  `body` varchar(1176) DEFAULT NULL,
  `timestamp` datetime DEFAULT NULL,
  PRIMARY KEY (`messageId`)
) ENGINE=InnoDB DEFAULT CHARSET=latin1;



# Dump of table tags
# ------------------------------------------------------------

DROP TABLE IF EXISTS `tags`;

CREATE TABLE `tags` (
  `tagId` int(11) unsigned NOT NULL AUTO_INCREMENT,
  `description` varchar(256) CHARACTER SET utf8 NOT NULL DEFAULT '',
  PRIMARY KEY (`tagId`)
) ENGINE=InnoDB DEFAULT CHARSET=latin1;

LOCK TABLES `tags` WRITE;
/*!40000 ALTER TABLE `tags` DISABLE KEYS */;

INSERT INTO `tags` (`tagId`, `description`)
VALUES
	(1,'eyJpdiI6ImwyVHo0UWVmaEJ0NzRWYnR3N05pUFE9PSIsInZhbHVlIjoiYVwvVE9FS0k1eFwvV3RzVWtRYk5JV0VBPT0iLCJtYWMiOiIwMGJmNzJhYmY0MzhhZjMzMjBkN2RiOTE1MmYyMWM3NDZhNWMzZTBhNTEyMmUxNzM2NDVkMTI3MGNlOTA2Y2JhIn0='),
	(2,'eyJpdiI6IkZNZ1Q5dXB5UFYrR1Vrd3Y0b29Ld1E9PSIsInZhbHVlIjoiWXhrclJRbklLSjM1THhCTFZIT0hsZz09IiwibWFjIjoiZjkyYjUwN2FhMzc3OTkxODc4NTA4YjY4Njg0Y2NhYTQzN2VhMTA0NGI0ZjU3ZWNlZGIyM2NmMTRjZjE4ZDQ5ZiJ9'),
	(3,'eyJpdiI6ImdJYzVESXVVK3ZmODYxSnlXOTB2OVE9PSIsInZhbHVlIjoiY0hIblBnTEJDbzREVVJ4SDA2MVNWUT09IiwibWFjIjoiMmQ3ZjczMmExNzg4M2NhMWJmMWNhODUzNzBhZDQ5OGZjNmQ1YjRkOGY2MzNhOTVhMTJiYWUwOGZmMzBlMWI3NyJ9'),
	(5,'eyJpdiI6InBkZEJlbnI2TDVpUHgrV00zMnJjN2c9PSIsInZhbHVlIjoiRzQ3bDl3XC9VSVc2akFMOWlwVkVTeVE9PSIsIm1hYyI6ImY5MjlkNWQ3N2Q1NDU2NmI4MGExMDJhOGE4Y2E4ZTgyZDZlM2RkMzRkOTdhZWEwMzQ0MGRhMDM0N2ExZGViODIifQ=='),
	(6,'eyJpdiI6IjhFOVRyMWo5WjNIVDA5Z3VWbjIycHc9PSIsInZhbHVlIjoiMURIWE9qb09SSmMwbVFrUjdtS3lTQT09IiwibWFjIjoiNzY3MjIzNTM3MzFiM2MwZWRjMmZmMDQ1NDYzOTYyZDhiZDI0ZDVhMjkyM2JlYjZlNGQwZmZlMGM0OGU1Y2MzMCJ9'),
	(7,'eyJpdiI6Inc0V2ZWdFwvVUw5cm5Nek9xeXZQcCt3PT0iLCJ2YWx1ZSI6Ikx6Sm83Qk55TU5ZcWFtUllSbk16eUE9PSIsIm1hYyI6ImNkMWNkOWI4Mjg2MzUyNjc4MDA4ZGEyMGEzMGQ3NmRiMjExZDQzYTk4NjlhMzA1OTM0ZmM0MGZmMjQ3OTdmODAifQ=='),
	(8,'eyJpdiI6InZ6MXVzOURNcjh5NlA5NnNha0FnNEE9PSIsInZhbHVlIjoiY3VtUUp0MVNnM0ZUKzA4VGd6OGppQT09IiwibWFjIjoiY2VlMzg3ZGJkZDg4ZGFjNzI1OTc2MmExNzRiNzdkMzhmZjgyZTI2NDljNjY4ZWY2MjFlOWIzOTEyNDAwMzgzZCJ9'),
	(9,'eyJpdiI6IkFZNWdZeENsU2RzYXk3dlJBYnJyYkE9PSIsInZhbHVlIjoieDdaMGJKWENnTjBwcGhPd2dtY2NGZz09IiwibWFjIjoiOTlhOGM5YzBlNDg2MzI5M2ExNDBhYTk0OWVhYzc4OTFkNGNkYzkwYzZiODZkZjEzZTg1Y2Y4N2M5MTNjZjk1MyJ9'),
	(10,'eyJpdiI6ImJxQ0dBQ3I4OWNLTW1RVFJ0dnBMWUE9PSIsInZhbHVlIjoieWNVSXpxVUhublZTNll3Q3ltd1k2bkxZZHdLVTdVeW5nK0NOWTU5ZUtxcz0iLCJtYWMiOiJlNDI0OTdiNjllMDEzOGQ2YzI4YzczNGE4MmJlNGRkY2M0ZTcxOTQ2Y2U0OGQ2NzVmNzFhNTVkOGI0NTRlNWRkIn0='),
	(11,'eyJpdiI6IjRsa0pQalRvTmtGWlwvaUdBZk4rUk1nPT0iLCJ2YWx1ZSI6Ijd2TU01Q0FUWVpWWmNZZWR6amtEQ0E9PSIsIm1hYyI6IjA0Mjg1NzE2Yzg3MGQwZjkyMmRjYmFmN2RiYjA5Y2ZjNzIyZjhlYTQ3OTQ0M2VmYzU3NzRmNjY0YTY5NmQ0NzgifQ=='),
	(12,'eyJpdiI6IjBLRFRDNWxob3phck9XM0VwaUo2T0E9PSIsInZhbHVlIjoiRk9hZlNPbWNEVVIxb05uaXlsZmFKdz09IiwibWFjIjoiYzM4MTE3YzljNGNhYjQ2YTljOTNlZjYxMzhkMWNmMTUwNGNmNjA1MjY4NDgzMzM1YzdjZDZiYzkyNWNmNDI5YSJ9'),
	(13,'eyJpdiI6IjBKdTZTWjA2SGhVT1VQZEd2WEhORGc9PSIsInZhbHVlIjoiTlZcL3N1WGQrK1hFb0N4WmdVZUJiUFE9PSIsIm1hYyI6ImNiMzliOWVjYmEwZTQ2NTJlOWY1Yzk1YWY3NDkyMjYzZTg2N2ExZDFjNDA5MzZhYTQ2ODYwZWViNTQ4OWE5MmMifQ=='),
	(14,'eyJpdiI6Ijk0b0xBblFGUkVHUWMxaEIzbUpkRHc9PSIsInZhbHVlIjoiMWlOanJkVGZxekpuVER2eU80OVNiWDZOWXBualNxbDJ2dzY0MEw0empKdz0iLCJtYWMiOiI2ZDMzMGJhMjI4NDAwNDBiODA1YWI4NjQwZDAwNmNmZTgxZDUwNWYwODJkYWYxNTcwYzkxNTgzYTVlZmVkYTQzIn0='),
	(15,'eyJpdiI6IjBFdDFQc244QUZrbEpSZFhqRnNZMFE9PSIsInZhbHVlIjoiRjFLUm4zaG8xc1RyUTZmS3RjYWRjUT09IiwibWFjIjoiZTgyYjI2YjAzNzBiOGI5ODdlOTYwNjU5ZDY2ZWIyZDFhNTA3ZGE0NGViMDdhZmI4NTNkZDIyYTllZDllOGIwOCJ9'),
	(16,'eyJpdiI6Imt3d3VcL2dNR3FQUzVsS1BZYmo0aWZ3PT0iLCJ2YWx1ZSI6IlFyVDBVbHJTdzdzNER4NW9iZ2xPZDFZbTNIeEdkbHBVc3N4dGdleEo3amM9IiwibWFjIjoiODFjMjA1OTQ4NTA3M2FiYTQxNWM1OWY0YjliNjJiNTAzZTg5YmZlMmM5MzJiNmZkMTM4ODc1NTJkNzBiYmVjYyJ9'),
	(17,'eyJpdiI6IjgzdWpzbUFpN3EreUN0Qm0xcTFLamc9PSIsInZhbHVlIjoiQzFHVUlBQmVHbUNQWHpJcUg2cTU0dz09IiwibWFjIjoiNjM0NzlhZWI3NDI2ZjYwZGVhMWI1YzNmY2E2MTY5MTExNDA5YjBlZGJhNWYwNGJiZDAxNzQ0OGEwMDE4ZGYyZSJ9'),
	(18,'eyJpdiI6Ikw4UFpKU29UbFVablhDUUR5eHlhUnc9PSIsInZhbHVlIjoiSXRZSDU2THZwNGJuQlFEbjNhZHRVcDU1TzNWYlBhTFhYY3NjYXJ0czlCMD0iLCJtYWMiOiJhNjVjMmExY2Q5Mjc3YzA5NGQxZjY5OTczMTJjNDI3ZjVmYTI3OTEzMmQxNGQ4NTdiOTZiNzNmZmUwNTllYWZiIn0='),
	(19,'eyJpdiI6ImJNOHlMVVprMUY4NTBpa0EwNjBTTlE9PSIsInZhbHVlIjoic2VYQUg5YkRFN1A4cG9sY0pNa05TUT09IiwibWFjIjoiOTYzYWJlM2E5N2Q3OTdjZDdjOWMwMDRlZmNhZTNhYjc3NDU2ZGE1MmRiYWE3Mjc5MGY3YWMxOGJkZDY1N2NkMSJ9'),
	(20,'eyJpdiI6InkxOXZJdzFxR25XcmF5Y01IOXNieFE9PSIsInZhbHVlIjoiVG9LbmcyUHpHRm9CM2tsV2pCYmVyVE82YWZaTHlrWDV6Sk5BSU8zMk16az0iLCJtYWMiOiJhZWY1ZTY3YmExYjIzNWI2MjRlYTZmNzQyODc0ZDY3ZDI3ZGEyMjUwZmE2MGQ1ZTViZTgwMmY0OGM1Yzg3NmNiIn0='),
	(21,'eyJpdiI6IjRtYmE5UGhoU2pSTE5rUVlBTFY3ZHc9PSIsInZhbHVlIjoiNDBRcFU4NldXTERHbGFZWWQ1YXF4Zz09IiwibWFjIjoiODZjZDdmY2I1MDVlNWExNzJlMzM4YjE1MzE4YWFjNDZiMDZhOTQ2ZTAxY2NhY2E0OTZmYTNiMTdkMDZlMjAwYyJ9'),
	(22,'eyJpdiI6IjMrYWhNTnA1aDNcL1RBOTZocVZaRzJRPT0iLCJ2YWx1ZSI6IktqaTZsdmZqRmdWN0xqY0h4WHorSlE9PSIsIm1hYyI6ImJjZDUxZTIwZjY5Zjk4OGNjMjcwMmQ3ODc4NDM5Mzc0Mzg5MDc3ZDhhODUwMDIxZmJmNjQzZjAzYzU5Nzg3YmEifQ=='),
	(23,'eyJpdiI6Ik1LUUVtWjhVUnFvYVpHVzh5RFZnN3c9PSIsInZhbHVlIjoiU0dUMzZyRHk5R1kyU2lla0dQNzdjdz09IiwibWFjIjoiMzA3ZmUzYzJmNGRkNGY3ZDQxOTBhYWRjYWY5NGFhZTc3ZTk2ZWQ1NDg0NGJlYTBlZDNjMmMwYzY4NTE4MTUxMiJ9'),
	(24,'eyJpdiI6Im1qb3ordGo0WGUrUjJ5VFlWSGhhbXc9PSIsInZhbHVlIjoiaDFCd2EzeU5icXVcL1lmNUVpSFVKN3c9PSIsIm1hYyI6IjU1YzY2Njc0ODdiMWI3M2EwOTlmZjI3YzM0NTk2OTY4OWM1OGNmZWZiYTQ3ZmRhNmQ1NjAyNjlkOTY1MzNkZTEifQ=='),
	(25,'eyJpdiI6InEzUFV2Zkp6UFdxRmFaRlJVV0wyeHc9PSIsInZhbHVlIjoiQXkrRXVVU20xYTZhVTdTZXNpbzBIUT09IiwibWFjIjoiZmYwOTQ4ZDFjM2NhMjQyMTkzM2E0NzIwYTc4MzMwMDU1MTVkZDliYmM5ZWE0MzE2MDRkYzMxMGNlYmQyNmI1ZSJ9'),
	(26,'eyJpdiI6ImJPd09aWUZpMERxNnVEZ1R1b0N2TVE9PSIsInZhbHVlIjoiNFhvU1FCT3Jkcmw2Ylwvd3NXWUFiTkE9PSIsIm1hYyI6IjlhODVhOTMzMTViNzdhNGVjYmNmODBkMDY3MmViZTUyZDJmMGIzMjEyZWJhNjM4Y2QzNWRlZTgzNDQ2MTNiNTUifQ=='),
	(27,'eyJpdiI6IlhzdE5cL3lEXC8zMUh5NDhyWWRadEhDdz09IiwidmFsdWUiOiJ2MFc3ekFCWkVSOW1ZRkJrNk1nN3pnPT0iLCJtYWMiOiJiNWNiNzkxY2JkNTIyMjQxN2IzOTgzMjE1NTc5ZDhhN2Q4NjQxNzkxN2U1MDJkMDU5OTgwN2FjMDU4NGY5N2M0In0='),
	(28,'eyJpdiI6IlcwMXhjMndnTDdPXC93dnVTb09IUitRPT0iLCJ2YWx1ZSI6IkJmZXFDS0Qzemo2QlJydHV1YmZTUEE9PSIsIm1hYyI6ImMwY2IxNDE4ZGJlMGJkYzNiY2JjNTdhZTNlNTBiNDJjOGI1MmYyNWEyNjc1YzU1MjFkM2IyYzcxNzk1MDZiN2MifQ=='),
	(29,'eyJpdiI6IjhPd3BtWlpvNGdHMzdHVzhudzZhbEE9PSIsInZhbHVlIjoibFNRVmRPSDJpRlhUSUw3QU01Qlo0Zz09IiwibWFjIjoiNzQwNjRhYjM0MzQxNTdmMGY1MDg3Njg1YTBlYWU5MTVmOTA1Yzk2ODMzNDIxMDdkNDhiY2IwZDk3YzI3MWVmMiJ9'),
	(30,'eyJpdiI6Ik14VDdNY092TngxdmVCaUtcL0VOTDJRPT0iLCJ2YWx1ZSI6Ik5ycUVnN255VGhlWWdmRlwvMGgxWnp3PT0iLCJtYWMiOiIzZjc4MzU0YTAwZGJkNGIwMzBhODE4NzFiZjQ3YTUwZDY0YTM3OTk2ZGY0N2IxMTBkYjNhZDZjNTRmOWZiY2VhIn0='),
	(31,'eyJpdiI6ImpsWEVFbjBoNDBQeEJcL0drQTNsTjl3PT0iLCJ2YWx1ZSI6ImxpNGFUa1lMV1Y4NURaSHR2cmw0aWc9PSIsIm1hYyI6ImM2ZmUwZjc4MGE4ODNkNzgzNmNiNWNkMDU5YThmMDU1ZWJkZjQ2ZjMwNmE5Y2VkYjg1ODIxMzJhZjc0ZDRlZWIifQ=='),
	(32,'eyJpdiI6InhCQzc0VWYrWmU1bG9LRWxKWktjUXc9PSIsInZhbHVlIjoiWXZiOUE1aFF2dlBuUUs3M1IxamZqQT09IiwibWFjIjoiMDEwYmU5OTJjOWUwMDAwZDRiNmRiMTQxNzdlZGQ4MzE4NjhmNmUwZmNlMGVmMjUxYWE0MzA5OTUzM2YxNWE5MyJ9'),
	(33,'eyJpdiI6Imp5cGc2ZnMrNDBWcVgxTTg0QlVUT0E9PSIsInZhbHVlIjoieVdyZElES2dNU2dXeTc5bDhFWnpOS0lNSGRJS0lpWTd0RTNzcms0YmVuYz0iLCJtYWMiOiI4Mjc0OThmNDM2YTVjZjZiMTRhZWU0NjdiYTUzMDk4NmE1MDlkMzU2NDNlZWU0ZjdlNTA3MjZmZjUyYTQxYmJmIn0='),
	(34,'eyJpdiI6IjczR245aVJsXC9ydGF2ZmMrNlBOS2ZBPT0iLCJ2YWx1ZSI6IkVhY2xtTkpsVXJ4c2ZObkEzWlhzVWc9PSIsIm1hYyI6IjZlYzQ2N2NjODcwMjAyYWFmYzExZjE1NDExNGU2YTZmNTFhMjI5Yjc3MTliNzQzZGIwZmVkODhhMjlkN2I5NWEifQ=='),
	(35,'eyJpdiI6IngraDBxYTFnWTFudHAxZ1FvcEg0bXc9PSIsInZhbHVlIjoiNGJ5T0hzaSswTnU5UWxcL254NWNlOFFmdGljTWdUdmhhOHpveEVLQXN6TUk9IiwibWFjIjoiMDNlMjdkNzYzNWRiZTFkZThlMGNiYTJlYTEwM2ZjZGM0ODljMzY4ZjE5YmU3ODFlOTRlMzdmMDJjZjI4MWNkZiJ9'),
	(36,'eyJpdiI6IkY5WHZ1Sk1iSTZlOHhLWTR6U3BhQkE9PSIsInZhbHVlIjoibk4wU1NFMkdRNVwvSjJrcjg1RUdQanc9PSIsIm1hYyI6IjVlMjE1Zjc3OWI1ZWRjN2QwMTY2YzcxZWZkNzI0ZjNmNmY4MWY4OTBmZGIyYjUxNGEzYTRjZTRhZDA5MDdhMjAifQ=='),
	(37,'eyJpdiI6Ik5YWTNWSVdjWHhoYndSQkNtM3VmSVE9PSIsInZhbHVlIjoiS2lnZ3NvMkZjeXVuU2RjMWZvanpNeGJydVNtNUFZT1pHYVNEdSsrbWpEQT0iLCJtYWMiOiJjNWFhMGI5NDRjZWVkNzcyODU2YzQ0M2UwYTRmM2ExNDhmNWM4Nzc1MDVhYjg4ZGYwOTg2MDZkMTZjYzk3ZGE0In0='),
	(38,'eyJpdiI6IjR0Z0NzRVwvSHhuMFpPa0NYb24ybWtnPT0iLCJ2YWx1ZSI6IndKWGRmSll2U1wvMStiUm9vZCtyR1llXC84RHo5dzRSUURyNHM0XC9qNGtWSWM9IiwibWFjIjoiMWUzYzEyNDZmOWNmMzRiNzcyZGYxMjM1OThhMzdhNjI1MDE5NTE2YmI0NjNjYmRiOTk5MDRjMGUzZGFlNzAyNCJ9'),
	(39,'eyJpdiI6InNzOGh6a0s5Wmc1RFV5VnREOXhxZmc9PSIsInZhbHVlIjoiNVlSRGhveVJyMDlCQzJ4MENhdUVGY1RoTFl1SVNmXC96czFvekNKUHA2NGM9IiwibWFjIjoiZDIzOTE5MmYwZDEwY2M0Njk4MmVkNjA1YzdhMGM3NzU2NWQzYTBmYmI5ZGI1ZTVmODIzMzQ4OTc2M2ZmZTU2NiJ9'),
	(40,'eyJpdiI6ImdjV1I0ZHJmMVFMeEVQNGZEWmRod0E9PSIsInZhbHVlIjoiVllyaFVpd095OVVuUkMzV2RoaEV0TGlDNkNXeE1GNlpoMk5hOTJ5d0FhND0iLCJtYWMiOiI2OGIwZTBkN2UxMDc3NjAwMzcxNzM2ODZiNTMyNTJmZmVkMmMzNTBkYWFlYjQwMTZhYjAyNzg3MDk1NzVhMWI1In0='),
	(41,'eyJpdiI6IjZaUG8zaFpYVmdaTVozR0RMVjYzXC93PT0iLCJ2YWx1ZSI6IldIdnJYSGgwTkdUXC9MZmk5WkFGYzBhYUF4SStFMmxrSDdhdDZtcVwvT2d0OD0iLCJtYWMiOiI1Mzk5MTdlMWI1YmUzMjZhMjE3MzQ4ZGQ2MmEzYjQxMTdiYWFhYTg5YjZhYzA5YTlhYmI3MTI0MDA1Nzc3MzYwIn0='),
	(42,'eyJpdiI6InV2eXAxK1VJeEdwaHBBVGxSWVBHaXc9PSIsInZhbHVlIjoiSzBlRDhmaWx2amY0U3Exb3RQY083T3Ewbk1GalFEb3dyOGZqanV2WllHcz0iLCJtYWMiOiIxZTllZjA0ZTY1ZjU5ODJiMTE5NjFhZmUwYmNkYWUzZjc5YTEzOGExMjEwZTNkYmMxYTI2ZjllOWMxZDEzYTk4In0='),
	(43,'eyJpdiI6InRyUFEwY0hyYTc0T0RJemVWRGlLV3c9PSIsInZhbHVlIjoiSTBJTE5wXC9UZUhkaXRzWW5HRjIzZWc9PSIsIm1hYyI6IjFlYzVlYmUwMGNkZjNkYWI5NDBjOTM3ZjFiYTkzYWYzOTdmMjY0ZjNjMTliOGVjYmQwODk3YTA5ZjllZWNmZDQifQ=='),
	(44,'eyJpdiI6IjRoK3dIcGFuXC9CWVJCa0tzcGZGaHp3PT0iLCJ2YWx1ZSI6InR2eE5UclhnNTVDN0g4a1VxZmJKZVE9PSIsIm1hYyI6ImU3ZmRmMmRlYTExYmUwY2U0ZTk0NWE5OTYzODNhNjNjNThhZmE0MjM2ODIyNTk1Yzk3M2RmNTg5MTg4MGRiZDcifQ=='),
	(45,'eyJpdiI6InF6K3FLU3JsUkNJM2NQMDRhYTMzUkE9PSIsInZhbHVlIjoiR2E2UDBZZUlUYlwvYkcyMmcxWE1YYlE9PSIsIm1hYyI6ImY1YzBmY2QxZGJhZTM0NGIzMmQ2ZDc5NDg4Mzc2NzFkNDAwZDZmMDgyOGRiMGU2OTM2MjI2OWZiZmM3ZDJlMTEifQ=='),
	(46,'eyJpdiI6IkhwN2ZGSHVZMzNoQVwvdnZqem1BUjZBPT0iLCJ2YWx1ZSI6IitadVFnMlwvTHV3bGNWK2gzQ2ZiamRBPT0iLCJtYWMiOiI3MDA0MzRhYmUzZGM2YjIxMWY2Zjg1YzRkZDkyYTU0MjIzMGNmYWIyOTk5OWNlNTAzOTc2YmU3MmI0NGYwMmExIn0='),
	(47,'eyJpdiI6IkRNbTNpcjdxck5BQ0pmVm1peFZ5eGc9PSIsInZhbHVlIjoiYm5LS3VOV0N3bTg3eUpQNU81S0oxUT09IiwibWFjIjoiZTJhZjhiZmRmMTgyYTBkNDNmZmQxMDk4MDdkY2FkMDY4M2RhMTQ1ZmZlMGJiMTEwY2JmZGM5MTlkYmE1Y2ZlMCJ9'),
	(48,'eyJpdiI6IkQrNUxUdm9MMFljeGRnOWtlZ2VhMXc9PSIsInZhbHVlIjoiKzVjMDdHcUhKdFptR0pyZjIxRVcrQT09IiwibWFjIjoiMDdjYTM1MTc3ZmVmNDBiZTlhYzUzMTg3ZTQ0NmMzMGU3Y2M4MWJhNWI4Njg3MWI1NTdkYWIzOTkxOTljNmEwMyJ9'),
	(49,'eyJpdiI6InFoZlY5SlNjeEVhVlJWY0szWGVEMnc9PSIsInZhbHVlIjoiclhHYlJwTVZISGJcL3lSRE14UnhxMlE9PSIsIm1hYyI6IjM3ZTA2NGRiNzY1YWJmMTI4ODIyMmU1ZTI3N2IyMjE4ODM1MTY1NDNmZjNiMzA1YzYwZWZlN2I1Njc0YmE4NDAifQ=='),
	(50,'eyJpdiI6IkUrUVdYQ3NGenpXNFA3b2VMdHBSYmc9PSIsInZhbHVlIjoiTFY5RUVvRGhCZzlNUVlJYlpwTG5ZQ1wvaG5DcTRSWmltRjhGQ2dUck1hTzQ9IiwibWFjIjoiNzNhMzk4ZTUwYjE4NGU4ZTc5YzVjYzA3Mjg5ZTc4MjE5ZWZlMGIxM2VkMjkwM2QzMTBkYzlhMDAwZWZmNGU3MyJ9'),
	(51,'eyJpdiI6IkpyR3ZmU2FHaUJUb21lenJnVWVKTmc9PSIsInZhbHVlIjoiaEVlcUpZSitTRmFPU3dFelNlK0NcLzNORGdkbU92aXBUQnV6bHpIanZoeTQ9IiwibWFjIjoiZDQxMDA0NWEyOGNmZDNjMDA5ODQzYTM3NGNjYTVhYTZjOGQ2ZTZiZWQ3N2I4NjY2MTk0ZWVjNTRiNmRmZTRlOSJ9'),
	(52,'eyJpdiI6ImJZT04weVBaMmVYcDBwRXVMdE5acWc9PSIsInZhbHVlIjoicjVuejk0Ym15ZHMwdlE3VSsyVWNWUllleHM0ZkxsTkRPRWNZRU1KOVlUdz0iLCJtYWMiOiIwZmEwM2IxZDNkM2Q4ZTEwMDI3MjI3Nzc2NjQ4NjQ5NzkwMDNkMGYwNmMxZGMwNzdlNzU2N2NmYjljZGZmMWY4In0='),
	(53,'eyJpdiI6IlduMXRpUUViRVwvcWhXVUVNak10S093PT0iLCJ2YWx1ZSI6IitMc2hwcW9FSk1sdzQxS05yRWtmdVFsWEo3UFpBUWNrYUM3c2hyZnd3WnM9IiwibWFjIjoiZDQ5NTAxODAxNjk3YjVhMzk1ZDhjNGE4MTVlZWY2M2MyOWJkM2E0OWNhMjFhMjBiMTQzOWEwNWIwZWQ3ODY3OSJ9'),
	(54,'eyJpdiI6IitBTlRYdXZqTVZIVm5UR25VV2lyRHc9PSIsInZhbHVlIjoiQnRiYWRzYW9BMmM1N2Yxa3Z1Tm5hXC9WdDFPeEJkbHJMWlpWWUR6ZkxFVFE9IiwibWFjIjoiYmFlMzg1NzFmYjQwYmRjODYyMjk5ZTQzMTk1YjZjNDhmNGE4ZjAzMmU5Nzg0YTJhZTRhODk5ZjAzOThkZDQ2MSJ9'),
	(55,'eyJpdiI6IkRqUU1mWFFhbVBacHZsWTkrems5WEE9PSIsInZhbHVlIjoiVlgzZDVNN2xGbmZOakE0elwvN1FqSGc9PSIsIm1hYyI6IjI2ZjAyMTg4NzY5ODdiZGIyZTc2ZTdmYTFhZDIyZmM3ODQxOTNlZmUwYTQxNzEwMWJjOTRhODJhMzA1OGFjNDkifQ=='),
	(56,'eyJpdiI6IjByQnp2dERZR2VpbVZpNGNIczNGVGc9PSIsInZhbHVlIjoiQUkxMnJmOE1QS2ZEUVI1Z29pdHdDZz09IiwibWFjIjoiMzQwNDcyZWRlMDJlZWY0Mzc5OGExODVlMjAyNDg0YjUxMjQ1ZjdkMDBiNzk1MjYxNWMwZTJjOWZiOTJhMmM4NyJ9'),
	(57,'eyJpdiI6IlNMeStURjBYUTk4aW1xRXRTeEFNY1E9PSIsInZhbHVlIjoiWFFxRWZxK3pQaVpOSHBhK0pmaHZGUT09IiwibWFjIjoiM2Q1ZTExNTQ3M2JlNzRjNWI4ZjI3NjZlYTNmYjliNWZmYWMxOGIwZGJhYmFmODAwOTI1OTI5NmFkYzIxMzNlMSJ9'),
	(58,'eyJpdiI6Inc4U04zM2xaRE1kYkVJSDZqZTlLN3c9PSIsInZhbHVlIjoiZXo2QmJsZE94Uk5Rc0xlN2R2QllpQT09IiwibWFjIjoiMzFjNWYyMTI1M2IzOWM3NjQ3Y2E0N2QwZTk5NWRkYjE5N2FhYWU5OWYyNzMxNmNkZjkwMmIxYjU4MGUwMGJlZiJ9'),
	(59,'eyJpdiI6Im9nVkpKKzh6N0lOekx1NUxZdzFSMGc9PSIsInZhbHVlIjoidnpOQ0NZY3FvZDdSR2RnOTVFcmcwQT09IiwibWFjIjoiYTZlZWJiNjA5NTIwMGVmOTFlODI5Y2QzZDc3NWIyMDIyZGI2YjZlMzNlMGEwY2JkYTk5ZjY0NmEzZTkzZTFkNSJ9'),
	(60,'eyJpdiI6IllSdzd0akJrVFB0UDZ2Z1hNSk5mMnc9PSIsInZhbHVlIjoiXC9xSnNRN1dnQ240VWFGcGZHeHp0NkE9PSIsIm1hYyI6ImE4NGE0ZDczYjQzMGRmZmRkMzgyMjRjNTQyZDU5ZDVhNGJmZWMyZTk0YTI1OThlOWNhZDgyNzJjYmYwZjhjZGEifQ=='),
	(61,'eyJpdiI6IlM4bjFoNmQzWmM3MHNJNGdNS3dRQlE9PSIsInZhbHVlIjoiaHprcTRuMlwveDhPTEllaHQ2bUhOUXc9PSIsIm1hYyI6ImNmMzRkMDFiZDIzZGU1NTRhNzNiM2NiODBkMTQ3OGI4NTRhNTc1NjU5ZWRkNGY1ZjcwNjdmMDgyMmUyNmRkZDcifQ=='),
	(62,'eyJpdiI6IkVrS0Q0cFR6dGFwS29xZVVmZ29cL1BnPT0iLCJ2YWx1ZSI6IlJBZGpWdkp0dGU4cDdUUWFRVmMyd1E9PSIsIm1hYyI6ImM3OWIwZWE2NDUyMTVkNGFiMjI0MjE0MDZmZjU1NmFhOGJmMDYyZDY5YTcwZjFkY2MyZTNiYzRjMGNjODdhOWYifQ=='),
	(63,'eyJpdiI6IlNuUFhHZEJJZzVuWlJYRUNYVjVDZ0E9PSIsInZhbHVlIjoiR1NTdkpxekJnTm4rODZKOEtWKzA1UT09IiwibWFjIjoiZTM2MDgwNjQyYjlmYTEyYWVmMTk2MjVmZmVlZTljMDIxMzc5ODk5NjhjY2VmYWM1MDEzYWNmOTg2MWI1MzUyNCJ9'),
	(64,'eyJpdiI6IjFcL3A0V3Yrc25TbWo4Tzh2TWZ5eVN3PT0iLCJ2YWx1ZSI6InkrU1BYM2JcL1NiOWh1WUNDbWlpcWRnPT0iLCJtYWMiOiI2Y2Q5YmRkNjJmYzliZDEzYzk3ZDgzZDJkZGVhODMxYTE3MjRiMDU1NTU0ZDkxOGViYWU0MTQxYzhmOTliZDVkIn0='),
	(65,'eyJpdiI6Im9YQWdjYVg0WExyZVpYbXA1UDY2ZXc9PSIsInZhbHVlIjoiYk5wNlBRak1DNEFyaXZrWW51N3U2UT09IiwibWFjIjoiMGU4OTY3ZWJjMjM4NTgyYzBhNjBiYmYyNjgxN2NmZmViODJhYjRmOTk0MjE0ZDQ5OGY1NjgzYWRhN2FhZGIyYiJ9');

/*!40000 ALTER TABLE `tags` ENABLE KEYS */;
UNLOCK TABLES;


# Dump of table tags_per_favour
# ------------------------------------------------------------

DROP TABLE IF EXISTS `tags_per_favour`;

CREATE TABLE `tags_per_favour` (
  `id` int(11) unsigned NOT NULL AUTO_INCREMENT,
  `tagId` int(11) NOT NULL,
  `favourId` int(11) NOT NULL,
  PRIMARY KEY (`id`)
) ENGINE=InnoDB DEFAULT CHARSET=latin1;

LOCK TABLES `tags_per_favour` WRITE;
/*!40000 ALTER TABLE `tags_per_favour` DISABLE KEYS */;

INSERT INTO `tags_per_favour` (`id`, `tagId`, `favourId`)
VALUES
	(8,3,43),
	(15,1,46),
	(18,1,95),
	(19,2,95),
	(20,3,95),
	(21,1,154),
	(22,2,154),
	(23,3,154),
	(24,5,166),
	(25,6,166),
	(26,7,167),
	(27,8,167),
	(28,9,168),
	(29,10,168),
	(30,11,171),
	(38,19,177),
	(39,20,177),
	(41,12,191),
	(42,13,191),
	(43,12,192),
	(44,13,192),
	(45,13,192),
	(46,12,193),
	(47,13,193),
	(48,15,193),
	(83,36,185),
	(97,50,205),
	(98,51,205),
	(99,52,205),
	(100,55,184),
	(101,56,184),
	(104,59,206),
	(108,63,207),
	(109,64,207),
	(110,65,207);

/*!40000 ALTER TABLE `tags_per_favour` ENABLE KEYS */;
UNLOCK TABLES;



/*!40111 SET SQL_NOTES=@OLD_SQL_NOTES */;
/*!40101 SET SQL_MODE=@OLD_SQL_MODE */;
/*!40014 SET FOREIGN_KEY_CHECKS=@OLD_FOREIGN_KEY_CHECKS */;
/*!40101 SET CHARACTER_SET_CLIENT=@OLD_CHARACTER_SET_CLIENT */;
/*!40101 SET CHARACTER_SET_RESULTS=@OLD_CHARACTER_SET_RESULTS */;
/*!40101 SET COLLATION_CONNECTION=@OLD_COLLATION_CONNECTION */;
